target,BJD,rv,rv_err,ins_name,RA,DEC,rjd
LRa02_E2_5503,2455157.72444495,7742.46721206601,8.16931283193975,HARPScat,103.42416666666668,-5.536061111111111,55157.72444495
LRa02_E2_5503,2455167.7667595698,9207.25512562785,7.98066024372,HARPScat,103.42416666666668,-5.536061111111111,55167.76675956976
LRa02_E2_5503,2455235.6534538,5730.64300706785,8.03001347418284,HARPScat,103.42416666666668,-5.536061111111111,55235.653453799896
LRa02_E2_5503,2455237.6404724102,7312.05323124388,8.18617176957993,HARPScat,103.42416666666668,-5.536061111111111,55237.64047241025
LRa02_E2_5503,2455239.6702731,7383.5562507342,7.8113947288183,HARPScat,103.42416666666668,-5.536061111111111,55239.670273100026
LRa02_E2_5503,2455244.58565379,5852.9627054121,7.89604918792739,HARPScat,103.42416666666668,-5.536061111111111,55244.58565378981
LRa02_E2_5503,2455245.57587197,7748.53205651402,7.9695562649233604,HARPScat,103.42416666666668,-5.536061111111111,55245.57587197004
LRa02_E2_5503,2455246.60996366,6841.23026006589,8.66506603698958,HARPScat,103.42416666666668,-5.536061111111111,55246.60996366013
LRa02_E2_5503,2455247.65632194,5630.00419163001,8.76458361993778,HARPScat,103.42416666666668,-5.536061111111111,55247.65632194001
