target,BJD,rv,rv_err,ins_name,RA,DEC,rjd
KOI897,2457513.54801455,nan,4.51633,SOPHIE,299.150833333333,43.3672222222222,57513.548014550004
KOI897,2457513.54801455,nan,4.51633,SOPHIE,299.150833333333,43.3672222222222,57513.548014550004
KOI897,2457514.53476145,nan,4.41712,SOPHIE,299.150833333333,43.3672222222222,57514.53476144979
