target,BJD,rv,rv_err,ins_name,RA,DEC,rjd
TOI-3819,2459561.877072653,30687.04314454034,12.27173727261294,NEID,8:07:27.181600,29:23:19.121000,59561.8770726528
TOI-3819,2459564.9374034,30733.528321508187,10.55736696079484,NEID,8:07:27.181600,29:23:19.121000,59564.93740339996
TOI-3819,2459566.99534718,30945.47581619669,14.04751943527288,NEID,8:07:27.181600,29:23:19.121000,59566.99534717994
TOI-3819,2459581.863296873,30765.294996913868,21.15037210572693,NEID,8:07:27.181600,29:23:19.121000,59581.863296872936
TOI-3819,2459584.027643878,30802.00483187984,7.855367909001619,NEID,8:07:27.181600,29:23:19.121000,59584.02764387801
TOI-3819,2459586.734582517,30948.10101994433,7.86796107783564,NEID,8:07:27.181600,29:23:19.121000,59586.73458251683
