target,BJD,rv,rv_err,ins_name,RA,DEC,rjd
HATS602-002,2457119.55660992,7947.92411863948,7.11826853622934,HARPScat,108.45237500000003,-33.43733333333334,57119.556609920226
HATS602-002,2457120.51752869,8219.67022776197,5.93621608033264,HARPScat,108.45237500000003,-33.43733333333334,57120.51752868993
HATS602-002,2457330.8238024,7928.4953590653495,9.16238642133406,HARPScat,108.45237500000003,-33.43733333333334,57330.823802399915
HATS602-002,2457331.7606945,8394.4818353331,8.77933496427591,HARPScat,108.45237500000003,-33.43733333333334,57331.76069450006
HATS602-002,2457332.80516174,7976.07522784672,9.343789629971191,HARPScat,108.45237500000003,-33.43733333333334,57332.805161740165
