target,BJD,rv,rv_err,ins_name,RA,DEC,rjd
HATS606-028,2457118.6198339,13754.5722049929,6.74999081650356,HARPScat,140.08770833333335,-31.26933333333333,57118.61983390013
HATS606-028,2457119.61675605,13294.319144861402,7.26166100042895,HARPScat,140.08770833333335,-31.26933333333333,57119.616756049916
HATS606-028,2457120.59835393,13035.105618019501,7.08792084465458,HARPScat,140.08770833333335,-31.26933333333333,57120.59835392982
