target,BJD,rv,rv_err,ins_name,RA,DEC,rjd
KOI183,2455765.43593478,-503.7762260437,4.25016,SOPHIE,292.484166666667,46.2838888888889,55765.435934780166
