target,BJD,rv,rv_err,ins_name,RA,DEC,rjd
J224932,2455855.36495802,-933.3669757842999,4.269979999999999,SOPHIE,341.72625,-10.9402777777778,55855.36495801993
J224932,2455855.36495802,-932.5034236907999,4.269979999999999,SOPHIE,341.72625,-10.9402777777778,55855.36495801993
